{
  "NORM": {
    "precision": 0.8549019607843137,
    "recall": 0.545,
    "f1-score": 0.665648854961832,
    "support": 400.0
  },
  "AFIB": {
    "precision": 0.6350974930362117,
    "recall": 0.57,
    "f1-score": 0.6007905138339921,
    "support": 400.0
  },
  "AFLT": {
    "precision": 0.5209125475285171,
    "recall": 0.685,
    "f1-score": 0.591792656587473,
    "support": 400.0
  },
  "1dAVb": {
    "precision": 0.8435897435897436,
    "recall": 0.8225,
    "f1-score": 0.8329113924050633,
    "support": 400.0
  },
  "RBBB": {
    "precision": 0.8452088452088452,
    "recall": 0.86,
    "f1-score": 0.8525402726146221,
    "support": 400.0
  },
  "LBBB": {
    "precision": 0.7386609071274298,
    "recall": 0.855,
    "f1-score": 0.7925840092699884,
    "support": 400.0
  },
  "accuracy": 0.7229166666666667,
  "macro avg": {
    "precision": 0.7397285828791769,
    "recall": 0.7229166666666668,
    "f1-score": 0.7227112832788284,
    "support": 2400.0
  },
  "weighted avg": {
    "precision": 0.7397285828791769,
    "recall": 0.7229166666666667,
    "f1-score": 0.7227112832788285,
    "support": 2400.0
  }
}