{
  "NORM": {
    "precision": 0.5114942528735632,
    "recall": 0.445,
    "f1-score": 0.47593582887700536,
    "support": 200.0
  },
  "AFIB": {
    "precision": 0.576530612244898,
    "recall": 0.565,
    "f1-score": 0.5707070707070707,
    "support": 200.0
  },
  "AFLT": {
    "precision": 0.588957055214724,
    "recall": 0.48,
    "f1-score": 0.5289256198347108,
    "support": 200.0
  },
  "1dAVb": {
    "precision": 0.7149321266968326,
    "recall": 0.79,
    "f1-score": 0.7505938242280285,
    "support": 200.0
  },
  "RBBB": {
    "precision": 0.6651785714285714,
    "recall": 0.745,
    "f1-score": 0.7028301886792453,
    "support": 200.0
  },
  "LBBB": {
    "precision": 0.6711711711711712,
    "recall": 0.745,
    "f1-score": 0.7061611374407583,
    "support": 200.0
  },
  "accuracy": 0.6283333333333333,
  "macro avg": {
    "precision": 0.6213772982716267,
    "recall": 0.6283333333333334,
    "f1-score": 0.6225256116278031,
    "support": 1200.0
  },
  "weighted avg": {
    "precision": 0.6213772982716267,
    "recall": 0.6283333333333333,
    "f1-score": 0.6225256116278032,
    "support": 1200.0
  }
}