{
  "NORM": {
    "precision": 0.6032608695652174,
    "recall": 0.555,
    "f1-score": 0.578125,
    "support": 200.0
  },
  "AFIB": {
    "precision": 0.5968586387434555,
    "recall": 0.57,
    "f1-score": 0.5831202046035806,
    "support": 200.0
  },
  "AFLT": {
    "precision": 0.625,
    "recall": 0.575,
    "f1-score": 0.5989583333333334,
    "support": 200.0
  },
  "1dAVb": {
    "precision": 0.7681159420289855,
    "recall": 0.795,
    "f1-score": 0.7813267813267813,
    "support": 200.0
  },
  "RBBB": {
    "precision": 0.7522522522522522,
    "recall": 0.835,
    "f1-score": 0.7914691943127962,
    "support": 200.0
  },
  "LBBB": {
    "precision": 0.7075471698113207,
    "recall": 0.75,
    "f1-score": 0.7281553398058253,
    "support": 200.0
  },
  "accuracy": 0.68,
  "macro avg": {
    "precision": 0.6755058120668719,
    "recall": 0.68,
    "f1-score": 0.6768591422303861,
    "support": 1200.0
  },
  "weighted avg": {
    "precision": 0.6755058120668719,
    "recall": 0.68,
    "f1-score": 0.6768591422303861,
    "support": 1200.0
  }
}