{
  "NORM": {
    "precision": 0.6153846153846154,
    "recall": 0.6,
    "f1-score": 0.6075949367088608,
    "support": 200.0
  },
  "AFIB": {
    "precision": 0.6073298429319371,
    "recall": 0.58,
    "f1-score": 0.5933503836317136,
    "support": 200.0
  },
  "AFLT": {
    "precision": 0.6302083333333334,
    "recall": 0.605,
    "f1-score": 0.6173469387755102,
    "support": 200.0
  },
  "1dAVb": {
    "precision": 0.7871287128712872,
    "recall": 0.795,
    "f1-score": 0.7910447761194029,
    "support": 200.0
  },
  "RBBB": {
    "precision": 0.7971698113207547,
    "recall": 0.845,
    "f1-score": 0.8203883495145631,
    "support": 200.0
  },
  "LBBB": {
    "precision": 0.7307692307692307,
    "recall": 0.76,
    "f1-score": 0.7450980392156863,
    "support": 200.0
  },
  "accuracy": 0.6975,
  "macro avg": {
    "precision": 0.6946650911018598,
    "recall": 0.6974999999999999,
    "f1-score": 0.6958039039942895,
    "support": 1200.0
  },
  "weighted avg": {
    "precision": 0.6946650911018598,
    "recall": 0.6975,
    "f1-score": 0.6958039039942894,
    "support": 1200.0
  }
}