{
  "NORM": {
    "precision": 0.6326530612244898,
    "recall": 0.62,
    "f1-score": 0.6262626262626263,
    "support": 200.0
  },
  "AFIB": {
    "precision": 0.6212121212121212,
    "recall": 0.615,
    "f1-score": 0.6180904522613065,
    "support": 200.0
  },
  "AFLT": {
    "precision": 0.6595744680851063,
    "recall": 0.62,
    "f1-score": 0.6391752577319587,
    "support": 200.0
  },
  "1dAVb": {
    "precision": 0.8,
    "recall": 0.8,
    "f1-score": 0.8,
    "support": 200.0
  },
  "RBBB": {
    "precision": 0.8009478672985783,
    "recall": 0.845,
    "f1-score": 0.8223844282238443,
    "support": 200.0
  },
  "LBBB": {
    "precision": 0.7294685990338164,
    "recall": 0.755,
    "f1-score": 0.742014742014742,
    "support": 200.0
  },
  "accuracy": 0.7091666666666666,
  "macro avg": {
    "precision": 0.7073093528090187,
    "recall": 0.7091666666666666,
    "f1-score": 0.7079879177490797,
    "support": 1200.0
  },
  "weighted avg": {
    "precision": 0.7073093528090187,
    "recall": 0.7091666666666666,
    "f1-score": 0.7079879177490795,
    "support": 1200.0
  }
}