{
  "NORM": {
    "precision": 0.6310160427807486,
    "recall": 0.59,
    "f1-score": 0.6098191214470284,
    "support": 200.0
  },
  "AFIB": {
    "precision": 0.6153846153846154,
    "recall": 0.6,
    "f1-score": 0.6075949367088608,
    "support": 200.0
  },
  "AFLT": {
    "precision": 0.6507936507936508,
    "recall": 0.615,
    "f1-score": 0.6323907455012854,
    "support": 200.0
  },
  "1dAVb": {
    "precision": 0.7910447761194029,
    "recall": 0.795,
    "f1-score": 0.7930174563591023,
    "support": 200.0
  },
  "RBBB": {
    "precision": 0.7844036697247706,
    "recall": 0.855,
    "f1-score": 0.8181818181818182,
    "support": 200.0
  },
  "LBBB": {
    "precision": 0.7285714285714285,
    "recall": 0.765,
    "f1-score": 0.7463414634146341,
    "support": 200.0
  },
  "accuracy": 0.7033333333333334,
  "macro avg": {
    "precision": 0.7002023638957694,
    "recall": 0.7033333333333333,
    "f1-score": 0.7012242569354549,
    "support": 1200.0
  },
  "weighted avg": {
    "precision": 0.7002023638957695,
    "recall": 0.7033333333333334,
    "f1-score": 0.7012242569354549,
    "support": 1200.0
  }
}