{
  "NORM": {
    "precision": 0.6517412935323383,
    "recall": 0.655,
    "f1-score": 0.6533665835411472,
    "support": 200.0
  },
  "AFIB": {
    "precision": 0.631578947368421,
    "recall": 0.6,
    "f1-score": 0.6153846153846154,
    "support": 200.0
  },
  "AFLT": {
    "precision": 0.679144385026738,
    "recall": 0.635,
    "f1-score": 0.6563307493540051,
    "support": 200.0
  },
  "1dAVb": {
    "precision": 0.7853658536585366,
    "recall": 0.805,
    "f1-score": 0.7950617283950617,
    "support": 200.0
  },
  "RBBB": {
    "precision": 0.8199052132701422,
    "recall": 0.865,
    "f1-score": 0.8418491484184915,
    "support": 200.0
  },
  "LBBB": {
    "precision": 0.7330097087378641,
    "recall": 0.755,
    "f1-score": 0.7438423645320197,
    "support": 200.0
  },
  "accuracy": 0.7191666666666666,
  "macro avg": {
    "precision": 0.7167909002656735,
    "recall": 0.7191666666666666,
    "f1-score": 0.7176391982708901,
    "support": 1200.0
  },
  "weighted avg": {
    "precision": 0.7167909002656735,
    "recall": 0.7191666666666666,
    "f1-score": 0.7176391982708901,
    "support": 1200.0
  }
}