{
  "NORM": {
    "precision": 0.6567164179104478,
    "recall": 0.66,
    "f1-score": 0.6583541147132169,
    "support": 200.0
  },
  "AFIB": {
    "precision": 0.6237623762376238,
    "recall": 0.63,
    "f1-score": 0.6268656716417911,
    "support": 200.0
  },
  "AFLT": {
    "precision": 0.7094972067039106,
    "recall": 0.635,
    "f1-score": 0.6701846965699209,
    "support": 200.0
  },
  "1dAVb": {
    "precision": 0.7902439024390244,
    "recall": 0.81,
    "f1-score": 0.8,
    "support": 200.0
  },
  "RBBB": {
    "precision": 0.819047619047619,
    "recall": 0.86,
    "f1-score": 0.8390243902439024,
    "support": 200.0
  },
  "LBBB": {
    "precision": 0.7339901477832512,
    "recall": 0.745,
    "f1-score": 0.739454094292804,
    "support": 200.0
  },
  "accuracy": 0.7233333333333334,
  "macro avg": {
    "precision": 0.7222096116869793,
    "recall": 0.7233333333333333,
    "f1-score": 0.7223138279102725,
    "support": 1200.0
  },
  "weighted avg": {
    "precision": 0.7222096116869795,
    "recall": 0.7233333333333334,
    "f1-score": 0.7223138279102725,
    "support": 1200.0
  }
}