{
  "NORM": {
    "precision": 0.6331658291457286,
    "recall": 0.63,
    "f1-score": 0.631578947368421,
    "support": 200.0
  },
  "AFIB": {
    "precision": 0.6243654822335025,
    "recall": 0.615,
    "f1-score": 0.6196473551637279,
    "support": 200.0
  },
  "AFLT": {
    "precision": 0.6648936170212766,
    "recall": 0.625,
    "f1-score": 0.6443298969072165,
    "support": 200.0
  },
  "1dAVb": {
    "precision": 0.7960199004975125,
    "recall": 0.8,
    "f1-score": 0.7980049875311721,
    "support": 200.0
  },
  "RBBB": {
    "precision": 0.8066037735849056,
    "recall": 0.855,
    "f1-score": 0.8300970873786407,
    "support": 200.0
  },
  "LBBB": {
    "precision": 0.7339901477832512,
    "recall": 0.745,
    "f1-score": 0.739454094292804,
    "support": 200.0
  },
  "accuracy": 0.7116666666666667,
  "macro avg": {
    "precision": 0.7098397917110294,
    "recall": 0.7116666666666666,
    "f1-score": 0.710518728106997,
    "support": 1200.0
  },
  "weighted avg": {
    "precision": 0.7098397917110295,
    "recall": 0.7116666666666667,
    "f1-score": 0.710518728106997,
    "support": 1200.0
  }
}