{
  "NORM": {
    "precision": 0.5955056179775281,
    "recall": 0.53,
    "f1-score": 0.5608465608465608,
    "support": 200.0
  },
  "AFIB": {
    "precision": 0.6285714285714286,
    "recall": 0.55,
    "f1-score": 0.5866666666666667,
    "support": 200.0
  },
  "AFLT": {
    "precision": 0.6091370558375635,
    "recall": 0.6,
    "f1-score": 0.6045340050377834,
    "support": 200.0
  },
  "1dAVb": {
    "precision": 0.7584541062801933,
    "recall": 0.785,
    "f1-score": 0.7714987714987716,
    "support": 200.0
  },
  "RBBB": {
    "precision": 0.7268722466960352,
    "recall": 0.825,
    "f1-score": 0.7728337236533958,
    "support": 200.0
  },
  "LBBB": {
    "precision": 0.7129629629629629,
    "recall": 0.77,
    "f1-score": 0.7403846153846154,
    "support": 200.0
  },
  "accuracy": 0.6766666666666666,
  "macro avg": {
    "precision": 0.6719172363876186,
    "recall": 0.6766666666666667,
    "f1-score": 0.6727940571812989,
    "support": 1200.0
  },
  "weighted avg": {
    "precision": 0.6719172363876186,
    "recall": 0.6766666666666666,
    "f1-score": 0.672794057181299,
    "support": 1200.0
  }
}