{
  "NORM": {
    "precision": 0.4327485380116959,
    "recall": 0.37,
    "f1-score": 0.39892183288409705,
    "support": 200.0
  },
  "AFIB": {
    "precision": 0.5211267605633803,
    "recall": 0.555,
    "f1-score": 0.5375302663438256,
    "support": 200.0
  },
  "AFLT": {
    "precision": 0.46938775510204084,
    "recall": 0.345,
    "f1-score": 0.3976945244956772,
    "support": 200.0
  },
  "1dAVb": {
    "precision": 0.6855895196506551,
    "recall": 0.785,
    "f1-score": 0.7319347319347319,
    "support": 200.0
  },
  "RBBB": {
    "precision": 0.6272727272727273,
    "recall": 0.69,
    "f1-score": 0.6571428571428571,
    "support": 200.0
  },
  "LBBB": {
    "precision": 0.65,
    "recall": 0.715,
    "f1-score": 0.680952380952381,
    "support": 200.0
  },
  "accuracy": 0.5766666666666667,
  "macro avg": {
    "precision": 0.5643542167667499,
    "recall": 0.5766666666666667,
    "f1-score": 0.567362765625595,
    "support": 1200.0
  },
  "weighted avg": {
    "precision": 0.5643542167667499,
    "recall": 0.5766666666666667,
    "f1-score": 0.5673627656255951,
    "support": 1200.0
  }
}