{
  "NORM": {
    "precision": 0.6512820512820513,
    "recall": 0.635,
    "f1-score": 0.6430379746835443,
    "support": 200.0
  },
  "AFIB": {
    "precision": 0.6298342541436464,
    "recall": 0.57,
    "f1-score": 0.5984251968503937,
    "support": 200.0
  },
  "AFLT": {
    "precision": 0.6407766990291263,
    "recall": 0.66,
    "f1-score": 0.6502463054187192,
    "support": 200.0
  },
  "1dAVb": {
    "precision": 0.7960199004975125,
    "recall": 0.8,
    "f1-score": 0.7980049875311721,
    "support": 200.0
  },
  "RBBB": {
    "precision": 0.8084112149532711,
    "recall": 0.865,
    "f1-score": 0.8357487922705314,
    "support": 200.0
  },
  "LBBB": {
    "precision": 0.7389162561576355,
    "recall": 0.75,
    "f1-score": 0.7444168734491315,
    "support": 200.0
  },
  "accuracy": 0.7133333333333334,
  "macro avg": {
    "precision": 0.7108733960105406,
    "recall": 0.7133333333333334,
    "f1-score": 0.7116466883672489,
    "support": 1200.0
  },
  "weighted avg": {
    "precision": 0.7108733960105404,
    "recall": 0.7133333333333334,
    "f1-score": 0.7116466883672488,
    "support": 1200.0
  }
}