{
  "NORM": {
    "precision": 0.5833333333333334,
    "recall": 0.49,
    "f1-score": 0.532608695652174,
    "support": 200.0
  },
  "AFIB": {
    "precision": 0.6089385474860335,
    "recall": 0.545,
    "f1-score": 0.575197889182058,
    "support": 200.0
  },
  "AFLT": {
    "precision": 0.601063829787234,
    "recall": 0.565,
    "f1-score": 0.5824742268041238,
    "support": 200.0
  },
  "1dAVb": {
    "precision": 0.7405660377358491,
    "recall": 0.785,
    "f1-score": 0.7621359223300971,
    "support": 200.0
  },
  "RBBB": {
    "precision": 0.6919831223628692,
    "recall": 0.82,
    "f1-score": 0.7505720823798627,
    "support": 200.0
  },
  "LBBB": {
    "precision": 0.7083333333333334,
    "recall": 0.765,
    "f1-score": 0.7355769230769231,
    "support": 200.0
  },
  "accuracy": 0.6616666666666666,
  "macro avg": {
    "precision": 0.6557030340064421,
    "recall": 0.6616666666666667,
    "f1-score": 0.6564276232375398,
    "support": 1200.0
  },
  "weighted avg": {
    "precision": 0.655703034006442,
    "recall": 0.6616666666666666,
    "f1-score": 0.6564276232375398,
    "support": 1200.0
  }
}