{
  "NORM": {
    "precision": 0.6772486772486772,
    "recall": 0.64,
    "f1-score": 0.6580976863753213,
    "support": 200.0
  },
  "AFIB": {
    "precision": 0.6413043478260869,
    "recall": 0.59,
    "f1-score": 0.6145833333333334,
    "support": 200.0
  },
  "AFLT": {
    "precision": 0.6984126984126984,
    "recall": 0.66,
    "f1-score": 0.6786632390745502,
    "support": 200.0
  },
  "1dAVb": {
    "precision": 0.7894736842105263,
    "recall": 0.825,
    "f1-score": 0.8068459657701712,
    "support": 200.0
  },
  "RBBB": {
    "precision": 0.8082191780821918,
    "recall": 0.885,
    "f1-score": 0.8448687350835322,
    "support": 200.0
  },
  "LBBB": {
    "precision": 0.7285714285714285,
    "recall": 0.765,
    "f1-score": 0.7463414634146341,
    "support": 200.0
  },
  "accuracy": 0.7275,
  "macro avg": {
    "precision": 0.7238716690586017,
    "recall": 0.7274999999999999,
    "f1-score": 0.7249000705085904,
    "support": 1200.0
  },
  "weighted avg": {
    "precision": 0.7238716690586015,
    "recall": 0.7275,
    "f1-score": 0.7249000705085905,
    "support": 1200.0
  }
}