{
  "NORM": {
    "precision": 0.6111111111111112,
    "recall": 0.55,
    "f1-score": 0.5789473684210527,
    "support": 200.0
  },
  "AFIB": {
    "precision": 0.5989847715736041,
    "recall": 0.59,
    "f1-score": 0.5944584382871536,
    "support": 200.0
  },
  "AFLT": {
    "precision": 0.6223404255319149,
    "recall": 0.585,
    "f1-score": 0.6030927835051546,
    "support": 200.0
  },
  "1dAVb": {
    "precision": 0.7804878048780488,
    "recall": 0.8,
    "f1-score": 0.7901234567901234,
    "support": 200.0
  },
  "RBBB": {
    "precision": 0.7702702702702703,
    "recall": 0.855,
    "f1-score": 0.8104265402843602,
    "support": 200.0
  },
  "LBBB": {
    "precision": 0.7259615384615384,
    "recall": 0.755,
    "f1-score": 0.7401960784313726,
    "support": 200.0
  },
  "accuracy": 0.6891666666666667,
  "macro avg": {
    "precision": 0.6848593203044145,
    "recall": 0.6891666666666668,
    "f1-score": 0.6862074442865361,
    "support": 1200.0
  },
  "weighted avg": {
    "precision": 0.6848593203044147,
    "recall": 0.6891666666666667,
    "f1-score": 0.6862074442865361,
    "support": 1200.0
  }
}