{
  "NORM": {
    "precision": 0.6632124352331606,
    "recall": 0.64,
    "f1-score": 0.6513994910941476,
    "support": 200.0
  },
  "AFIB": {
    "precision": 0.6353591160220995,
    "recall": 0.575,
    "f1-score": 0.6036745406824147,
    "support": 200.0
  },
  "AFLT": {
    "precision": 0.6581632653061225,
    "recall": 0.645,
    "f1-score": 0.6515151515151515,
    "support": 200.0
  },
  "1dAVb": {
    "precision": 0.7874396135265701,
    "recall": 0.815,
    "f1-score": 0.800982800982801,
    "support": 200.0
  },
  "RBBB": {
    "precision": 0.8093023255813954,
    "recall": 0.87,
    "f1-score": 0.8385542168674699,
    "support": 200.0
  },
  "LBBB": {
    "precision": 0.7355769230769231,
    "recall": 0.765,
    "f1-score": 0.75,
    "support": 200.0
  },
  "accuracy": 0.7183333333333334,
  "macro avg": {
    "precision": 0.7148422797910451,
    "recall": 0.7183333333333333,
    "f1-score": 0.716021033523664,
    "support": 1200.0
  },
  "weighted avg": {
    "precision": 0.7148422797910453,
    "recall": 0.7183333333333334,
    "f1-score": 0.7160210335236641,
    "support": 1200.0
  }
}