{
  "NORM": {
    "precision": 0.634020618556701,
    "recall": 0.615,
    "f1-score": 0.6243654822335025,
    "support": 200.0
  },
  "AFIB": {
    "precision": 0.6408839779005525,
    "recall": 0.58,
    "f1-score": 0.6089238845144357,
    "support": 200.0
  },
  "AFLT": {
    "precision": 0.6532663316582915,
    "recall": 0.65,
    "f1-score": 0.6516290726817042,
    "support": 200.0
  },
  "1dAVb": {
    "precision": 0.7912621359223301,
    "recall": 0.815,
    "f1-score": 0.8029556650246306,
    "support": 200.0
  },
  "RBBB": {
    "precision": 0.7972350230414746,
    "recall": 0.865,
    "f1-score": 0.829736211031175,
    "support": 200.0
  },
  "LBBB": {
    "precision": 0.7389162561576355,
    "recall": 0.75,
    "f1-score": 0.7444168734491315,
    "support": 200.0
  },
  "accuracy": 0.7125,
  "macro avg": {
    "precision": 0.7092640572061643,
    "recall": 0.7124999999999999,
    "f1-score": 0.71033786482243,
    "support": 1200.0
  },
  "weighted avg": {
    "precision": 0.7092640572061643,
    "recall": 0.7125,
    "f1-score": 0.7103378648224299,
    "support": 1200.0
  }
}