{
  "timestamp": "2025-05-31T12:30:16.919902",
  "overall_accuracy": 0.7275,
  "class_names": [
    "NORM",
    "AFIB",
    "AFLT",
    "1dAVb",
    "RBBB",
    "LBBB"
  ],
  "per_class_metrics": {
    "NORM": {
      "precision": 0.6772486772486772,
      "recall": 0.64,
      "f1_score": 0.6580976863753213,
      "auc": 0.9156875,
      "support": 200
    },
    "AFIB": {
      "precision": 0.6413043478260869,
      "recall": 0.59,
      "f1_score": 0.6145833333333334,
      "auc": 0.9225275,
      "support": 200
    },
    "AFLT": {
      "precision": 0.6984126984126984,
      "recall": 0.66,
      "f1_score": 0.6786632390745502,
      "auc": 0.9238575,
      "support": 200
    },
    "1dAVb": {
      "precision": 0.7894736842105263,
      "recall": 0.825,
      "f1_score": 0.8068459657701712,
      "auc": 0.9711925,
      "support": 200
    },
    "RBBB": {
      "precision": 0.8082191780821918,
      "recall": 0.885,
      "f1_score": 0.8448687350835322,
      "auc": 0.976165,
      "support": 200
    },
    "LBBB": {
      "precision": 0.7285714285714285,
      "recall": 0.765,
      "f1_score": 0.7463414634146341,
      "auc": 0.962015,
      "support": 200
    }
  },
  "macro_averages": {
    "precision": 0.7238716690586017,
    "recall": 0.7274999999999999,
    "f1_score": 0.7249000705085904
  },
  "weighted_averages": {
    "precision": 0.7238716690586015,
    "recall": 0.7275,
    "f1_score": 0.7249000705085905
  },
  "confusion_matrix": [
    [
      128,
      6,
      6,
      18,
      21,
      21
    ],
    [
      10,
      118,
      39,
      13,
      3,
      17
    ],
    [
      8,
      34,
      132,
      10,
      8,
      8
    ],
    [
      14,
      10,
      2,
      165,
      3,
      6
    ],
    [
      15,
      0,
      0,
      3,
      177,
      5
    ],
    [
      14,
      16,
      10,
      0,
      7,
      153
    ]
  ]
}