{
  "timestamp": "2025-05-31T12:28:37.887545",
  "overall_accuracy": 0.8083333333333333,
  "class_names": [
    "NORM",
    "AFIB",
    "AFLT",
    "1dAVb",
    "RBBB",
    "LBBB"
  ],
  "per_class_metrics": {
    "NORM": {
      "precision": 0.7837837837837838,
      "recall": 0.725,
      "f1_score": 0.7532467532467533,
      "auc": 0.978625,
      "support": 40
    },
    "AFIB": {
      "precision": 0.9285714285714286,
      "recall": 0.65,
      "f1_score": 0.7647058823529411,
      "auc": 0.9572499999999999,
      "support": 40
    },
    "AFLT": {
      "precision": 0.8205128205128205,
      "recall": 0.8,
      "f1_score": 0.810126582278481,
      "auc": 0.9714375,
      "support": 40
    },
    "1dAVb": {
      "precision": 0.7755102040816326,
      "recall": 0.95,
      "f1_score": 0.8539325842696629,
      "auc": 0.9863124999999999,
      "support": 40
    },
    "RBBB": {
      "precision": 0.8372093023255814,
      "recall": 0.9,
      "f1_score": 0.8674698795180723,
      "auc": 0.9852500000000001,
      "support": 40
    },
    "LBBB": {
      "precision": 0.75,
      "recall": 0.825,
      "f1_score": 0.7857142857142857,
      "auc": 0.963,
      "support": 40
    }
  },
  "macro_averages": {
    "precision": 0.8159312565458744,
    "recall": 0.8083333333333335,
    "f1_score": 0.805865994563366
  },
  "weighted_averages": {
    "precision": 0.8159312565458745,
    "recall": 0.8083333333333333,
    "f1_score": 0.805865994563366
  },
  "confusion_matrix": [
    [
      29,
      0,
      1,
      3,
      3,
      4
    ],
    [
      3,
      26,
      3,
      5,
      0,
      3
    ],
    [
      1,
      1,
      32,
      3,
      1,
      2
    ],
    [
      0,
      0,
      0,
      38,
      2,
      0
    ],
    [
      2,
      0,
      0,
      0,
      36,
      2
    ],
    [
      2,
      1,
      3,
      0,
      1,
      33
    ]
  ]
}